<?xml version="1.0" encoding="UTF-8"?>
<!DOCTYPE suite SYSTEM "http://testng.org/testng-1.0.dtd">
<suite name="Suite">
  <test name="Test">
    <classes>
      <class name="Testing_Spec_CSUSM_Webpage.Test_1_CSUSM_Webpage_courseCatalog"/>
      <class name="Testing_Spec_CSUSM_Webpage.Test_2_CSUSM_Webpage_About_tab"/>
      <class name="Testing_Spec_CSUSM_Webpage.Test_3_CSUSM_webpage_CampusLife"/>
      <class name="Testing_Spec_CSUSM_Webpage.Test_4_CSUSM_Webpage_AandA"/>
      <class name="Testing_Spec_CSUSM_Webpage.Test_5_CSUSM_webPage_resources"/>
      <class name="Testing_Spec_CSUSM_Webpage.Test_6_CSUSM_Webpage_Class_Schedule"/>
      <class name="Testing_Spec_CSUSM_Webpage.Test_7_CSUSM_Webpage_CollegeAndDepartments"/>
    </classes>
  </test> <!-- Test -->
</suite> <!-- Suite -->
