<?xml version="1.0" encoding="UTF-8"?>
<!DOCTYPE suite SYSTEM "http://testng.org/testng-1.0.dtd">
<suite name="Suite">
  <test name="Test">
    <classes>
      <class name="Testing_Spec_cougar_course.Test_1_CC_Login"/>
      <class name="Testing_Spec_cougar_course.Test_2_CC_All_tabs"/>
      <class name="Testing_Spec_cougar_course.Test_3_CC_Profile_tab"/>
      <class name="Testing_Spec_cougar_course.Test_4_CC_Dashboard_tab"/>
      <class name="Testing_Spec_cougar_course.Test_5_CC_Prefrence_tab"/>
    </classes>
  </test> <!-- Test -->
</suite> <!-- Suite -->
